nip                    , nama                              , jabatan                                    , peran
,"Yudhystira Ardinugraha, S.Pd., M.Pd",Kepala Sekolah,Kepala Sekolah
,"Agus Priyatin, S.Pd.",PPKn,Guru BK
,"Sang Kompiang B, S.Pd.",Matematika,Guru Pelapor / Kesiswaan
,"Irwan, S.Pd.",Matematika,Guru Piket
,"Sitti Sahra, S.Pd.",IPS,Guru Pelapor
,"Muh. Arman HB , S.Pdi.",Pend. Agama Islam,Guru Pelapor
,"Wa Ode Asmilu , S.Pd.",Bahasa Inggris,Guru Pelapor
,"Cholipah, S.Ag.",Pend. Agama Islam,Guru Piket
,"Linawati Jamil , S.Pd.",Bahasa Inggris,Guru Pelapor
,"Sulika Dewi, S.Pd.Gr",Bahasa Indonesia,Guru Pelapor
,"Agus Salim, S.E.",PJOK,Guru Pelapor
,"Marlina, S.Pd.",PJOK,Guru Pelapor
,"Herawati Mukhsin, S.Pd.",Bahasa Indonesia,Guru Pelapor
,"Mely Inti Sari, S.Pd.",PPKn,Guru Pelapor
,"Nafir Jamal, S.Pd.",IPS,Guru Piket
,"Gita Asmara, S.Pd.",Bahasa Indonesia,Guru Pelapor
,"Ni'mah, S.Sej.",Seni Budaya,Petugas Tatib
,"Muhammad Syamsudin, S.Pd.",IPA,Guru Piket
,"Elfa Ameliana Anggraeni, S.Kom.",Informatika,Guru Pelapor
,"Widia Sari, S.Pd.",IPA,Guru Pelapor
,"Prio Suwito, S. Kom",Informatika,Guru Pelapor
