nis,nisn,nama,jenis_kelamin,kelas
24001,0104523901,ACHMAD ALFIANSAR,L,IX A
24002,0104523902,ADE PURNAMA NINGSIH,P,IX A
24003,0104523903,AFIFAH NURUL,P,IX A
24004,0104523904,AGIR ZHAFRAN NAUFAL AHMAD,L,IX A
24005,0104523905,AMELIA MUKTI,P,IX A
24006,0104523906,ANDI MAKKASAU TENRIBALI,L,IX A
24007,0104523907,ANDIEN AULIA ZAHRA,P,IX A
24008,0104523908,ANISA PUTRI,P,IX A
24009,0104523909,ARIAN FEBRIAN,L,IX A
24010,0104523910,ASIPA,P,IX A
24011,0104523911,BRAYEN,L,IX A
24012,0104523912,CAKRA AUFA ASSEGAF,L,IX A
24013,0104523913,EMMANUEL SABAARO DAELY,L,IX A
24014,0104523914,FAHRUL,L,IX A
24015,0104523915,FIRDA RAHAYU,P,IX A
24016,0104523916,FRANSISKA TIARA PUTRI,P,IX A
24017,0104523917,ILHAM PRATAMA WIJAKSANA,L,IX A
24018,0104523918,JONATAN ARDIANSYAH ALVARO,L,IX A
24019,0104523919,KEISYA SEPTIANA SALIM,P,IX A
24020,0104523920,M. GALANG ALHAFIS,L,IX A
24021,0104523921,MUH. ARFAN RAZAK. H,L,IX A
24022,0104523922,MUHAMAD ROKIN,L,IX A
24023,0104523923,MUHAMMAD ARSAD LIAMBO,L,IX A
24024,0104523924,MUHAMMAD HARY ATHAR PRATAMA,L,IX A
24025,0104523925,NELLA NIFA AENI,P,IX A
24026,0104523926,NITA AULIA,P,IX A
24027,0104523927,OPIK KURAHMAN,L,IX A
24028,0104523928,RAHMAD AJI PANGESTU,L,IX A
24029,0104523929,RAHMAN APRIANSA,L,IX A
24030,0104523930,RAIHAN AL RASYID JUMARDIN,L,IX A
24031,0104523931,RIA PERMATA ABDULLAH,P,IX A
24032,0104523932,ACHMAD ARDIANSAH,L,IX B
24033,0104523933,ANA SASKYA ANITA,P,IX B
24034,0104523934,ANDI RAMADHAN,L,IX B
24035,0104523935,ASHRAF KHAIRUL AZAM,L,IX B
24036,0104523936,ASRIANI TAWULO,P,IX B
24037,0104523937,BERKAH AINUN FITRI,P,IX B
24038,0104523938,DENIS YUNA LIAMBO,L,IX B
24039,0104523939,EFI ENDRIANI,P,IX B
24040,0104523940,FANDI APRIANSYAH,L,IX B
24041,0104523941,FARNI,P,IX B
24042,0104523942,FATHIR MUHAMAD PRATAMA S,L,IX B
24043,0104523943,INDRI NADIA ALMIRA,P,IX B
24044,0104523944,JHOSAFAT KRISTIAN IMANUEL,L,IX B
24045,0104523945,JUNIAR ISKANDAR,P,IX B
24046,0104523946,KEZIA AYU MELATI JOHAN,P,IX B
24047,0104523947,MUH. AFGAN,L,IX B
24048,0104523948,MUH. AKBAR JUMU'AH PUTRA PRATAMA POLINGAY,L,IX B
24049,0104523949,MUH. FAUZI PRASTIYO,L,IX B
24050,0104523950,MUTIARA RAMADANI,P,IX B
24051,0104523951,NAILAH HUSNUL KHOTIMAH ISRAN,P,IX B
24052,0104523952,RAFLI SANDER SAPUTRA,L,IX B
24053,0104523953,RENAL DIANSYAH,L,IX B
24054,0104523954,REVAN,L,IX B
24055,0104523955,REYHAN MAULANA,L,IX B
24056,0104523956,RIJAL HERIYANTO,L,IX B
24057,0104523957,SARPIN,L,IX B
24058,0104523958,SITTI RESTU PANCA PRATIWI,P,IX B
24059,0104523959,SRI FEBRIANI,P,IX B
24060,0104523960,VIKI BAGAS ADITIA,L,IX B
24061,0104523961,A. ALFAHREL,L,IX C
24062,0104523962,ADITYA ANANTA,L,IX C
24063,0104523963,AFRILLYAN PRAYUDITIAZ TAWULO,P,IX C
24064,0104523964,ANGGUN ANGRAENI,P,IX C
24065,0104523965,ANI HANDAYANI,P,IX C
24066,0104523966,ANTI,P,IX C
24067,0104523967,ARDIAWAN,L,IX C
24068,0104523968,ARSYA,P,IX C
24069,0104523969,DJIHAD MUHAMMAD SYADDAD,L,IX C
24070,0104523970,ERLAN SANJAYA,L,IX C
24071,0104523971,HUSNA FOURIDA,P,IX C
24072,0104523972,I MADE RISKI WARDANA,L,IX C
24073,0104523973,JESIKA LESTARI,P,IX C
24074,0104523974,KESYA,P,IX C
24075,0104523975,MAHER APRIZAL BAHAR,L,IX C
24076,0104523976,MITRA,P,IX C
24077,0104523977,MUH. RIO SAPUTRA PRATAMA. A,L,IX C
24078,0104523978,MUH. RISKI FADILLAH,L,IX C
24079,0104523979,MUHAMMAD IRHAM,L,IX C
24080,0104523980,MUJAT ALPI PAHRI,L,IX C
24081,0104523981,NAUFAL ZUL FADLI,L,IX C
24082,0104523982,NISMHA SUCI ANGGRAENI,P,IX C
24083,0104523983,PADIL,L,IX C
24084,0104523984,RENALDI SETIAWAN,L,IX C
24085,0104523985,REPAL,L,IX C
24086,0104523986,REYFHAN ZHALZHA,L,IX C
24087,0104523987,SABILA,P,IX C
24088,0104523988,SIFA WAHDANA,P,IX C
24089,0104523989,USWATUL CHAIRA,P,IX C
25001,0112349001,AHMAD NUR FATHULLAH,L,VIII A
25002,0112349002,AISYAH NURFADHILLAH,P,VIII A
25003,0112349003,AKHDAN AZIZAN,L,VIII A
25004,0112349004,ALTHAF NUR KAPITA,L,VIII A
25005,0112349005,ATIKA RAHMAYANI,P,VIII A
25006,0112349006,DWI SETYA NINGRUM,P,VIII A
25007,0112349007,FAHMI PRATAMA,L,VIII A
25008,0112349008,FAKHRI AZMI AKBAR,L,VIII A
25009,0112349009,FANDI,L,VIII A
25010,0112349010,HAJIJAH FITRIANI,P,VIII A
25011,0112349011,ILDA RAHMA WATI,P,VIII A
25012,0112349012,IRNAWATI,P,VIII A
25013,0112349013,KAFKAH,L,VIII A
25014,0112349014,M. AQIL,L,VIII A
25015,0112349015,MAULANA AHMAD FAHRIZI,L,VIII A
25016,0112349016,MUH. PADLY,L,VIII A
25017,0112349017,MUH. SALMAN ASYRAF,L,VIII A
25018,0112349018,MUH.SILUL ARHAM . L,L,VIII A
25019,0112349019,MUHAMMAD CAKRA,L,VIII A
25020,0112349020,NATASYA PUTRI S.,P,VIII A
25021,0112349021,NIRLAN,L,VIII A
25022,0112349022,NURDAVA,L,VIII A
25023,0112349023,ORMA SAPUTRA,L,VIII A
25024,0112349024,PURNAMA,P,VIII A
25025,0112349025,SUCI SUBAIDA,P,VIII A
25026,0112349026,TIARA,P,VIII A
25027,0112349027,TIWI PUTRI CAHYATI,P,VIII A
25028,0112349028,VANESA INEZ,P,VIII A
25029,0112349029,ZULFIQAR ALFAHMI,L,VIII A
25030,0112349030,ADRIANUS LEON REVALDO,L,VIII B
25031,0112349031,AISYA,P,VIII B
25032,0112349032,AKILA,P,VIII B
25033,0112349033,ALFIAN SEMARSEL,L,VIII B
25034,0112349034,ALIN AQILLAH LIN SAPUTRI,P,VIII B
25035,0112349035,ALYA SHAKILA JUNAID,P,VIII B
25036,0112349036,AMELIA,P,VIII B
25037,0112349037,ANAS SIFAUL AKMAL,L,VIII B
25038,0112349038,ANGGI SAPITRI,P,VIII B
25039,0112349039,AQIL AL-ANSHORI,L,VIII B
25040,0112349040,CAHYA KAMILA,P,VIII B
25041,0112349041,DIRWANSA SAPUTRA,L,VIII B
25042,0112349042,DIVA MAHARANI,P,VIII B
25043,0112349043,FATHIR REZKY PRATAMA,L,VIII B
25044,0112349044,MUH ISMAIL,L,VIII B
25045,0112349045,MUH. ALFATIH,L,VIII B
25046,0112349046,MUH. FAREL SAPUTRA PRATAMA,L,VIII B
25047,0112349047,MUHAMMAD RIDWAN,L,VIII B
25048,0112349048,MUHAMMAD YAQUB,L,VIII B
25049,0112349049,MUHAMMAT ILHAM,L,VIII B
25050,0112349050,NAILA PUTRI NURAENI,P,VIII B
25051,0112349051,NINDI PUSPITA,P,VIII B
25052,0112349052,NUR HAWAIZAH,P,VIII B
25053,0112349053,REHAN,L,VIII B
25054,0112349054,RISKA YANA ROMBE,P,VIII B
25055,0112349055,RISKI ADITIA,L,VIII B
25056,0112349056,RISKI AMRIN,L,VIII B
25057,0112349057,SIGIT IHSAN KURNIAWAN,L,VIII B
25058,0112349058,WULAN DWI YANTI,P,VIII B
25059,0112349059,YASNI VELISA SAFITRI,P,VIII B
25060,0112349060,ZIDAN RISKI PRATAMA,L,VIII B
25061,0112349061,ADITIA WIDYA DARMA,L,VIII C
25062,0112349062,ADEAN COKI DISTIRA,L,VIII C
25063,0112349063,ADRIAN,L,VIII C
25064,0112349064,AHMAD AFDILLAH RIZQY,L,VIII C
25065,0112349065,AINUN SYAFIRA,P,VIII C
25066,0112349066,ALFIN ALFIANSAH,L,VIII C
25067,0112349067,ANDINI EFFENDI,P,VIII C
25068,0112349068,ASRIANTI,P,VIII C
25069,0112349069,DIRGA AWIDIYA,L,VIII C
25070,0112349070,DIVA ZAHRA PURNIKA,P,VIII C
25071,0112349071,FALENDRA DWI SAPUTRA,L,VIII C
25072,0112349072,FAUZIA RAFIFA,P,VIII C
25073,0112349073,FIRLI ABDUL FIRMANZAH,L,VIII C
25074,0112349074,HAIRIL AKBAR,L,VIII C
25075,0112349075,INDAH SRI RAHAYU,P,VIII C
25076,0112349076,IRMA ARDIANA PUTRI,P,VIII C
25077,0112349077,MUH. ALFIAT RISKI,L,VIII C
25078,0112349078,MUH. ANANDA ALFA,L,VIII C
25079,0112349079,MUH. HAMDAL NR. WITAK,L,VIII C
25080,0112349080,MUH. IAN SAPUTRA,L,VIII C
25081,0112349081,MUH. RIFKIANSYAH,L,VIII C
25082,0112349082,MUHAMMAD AL-AKBAR,L,VIII C
25083,0112349083,MUHAMMAD ALFADEL JULIANTO,L,VIII C
25084,0112349084,NABILA ISTIANA FATIN,P,VIII C
25085,0112349085,NIKMATUS SHOLIKHAH,P,VIII C
25086,0112349086,NUR AINUN TAWULO,P,VIII C
25087,0112349087,RADITYA AL IKWAN. L,L,VIII C
25088,0112349088,RAIZA NATASA PUTRI,P,VIII C
25089,0112349089,SUCI PRATIWI,P,VIII C
25090,0112349090,WANDA CHAESARINI,P,VIII C
25091,0112349091,AHMAD ABI PUTRA,L,VIII D
25092,0112349092,ALIFFIA RAHMAWATI,P,VIII D
25093,0112349093,ALIT ARISTYA WAHYUDA,L,VIII D
25094,0112349094,ARDIANSYAH DARMA PUTRA TOGALA,L,VIII D
25095,0112349095,ASRIANTI,P,VIII D
25096,0112349096,CHA CHA MIKHAILA LABERU,P,VIII D
25097,0112349097,DAMAR LIASAMBU,L,VIII D
25098,0112349098,EDWIN PRATAMA,L,VIII D
25099,0112349099,FEBY ANGRAENI,P,VIII D
25100,0112349100,GUSTI PUTU ALET PUTRAYASA,L,VIII D
25101,0112349101,HIKMATUL SYAWAL SAPUTRA,L,VIII D
25102,0112349102,ICHA ARSILIA,P,VIII D
25103,0112349103,IFFA ASTILA RAHMA,P,VIII D
25104,0112349104,KHAILA RAMADHANI,P,VIII D
25105,0112349105,KING ABDUL AZIS,L,VIII D
25106,0112349106,LILA ALESZIA WIJAYA,P,VIII D
25107,0112349107,MUH. RHEGINZAH VALENTINO R.,L,VIII D
25108,0112349108,MUHAMAD SOHIHUL ISLAM,L,VIII D
25109,0112349109,MUHAMMAD JUSRIL,L,VIII D
25110,0112349110,MUHAMMAD KANZA RADITYA PRATAMA,L,VIII D
25111,0112349111,NUR NAFI'AH ISLAM,P,VIII D
25112,0112349112,PIKAL ARYA PRISMA,L,VIII D
25113,0112349113,PUTRI NATASYA SARA,P,VIII D
25114,0112349114,RASMIATIN,P,VIII D
25115,0112349115,RASNIATIN,P,VIII D
25116,0112349116,REPLIN,L,VIII D
25117,0112349117,RUSHIDAYANI,P,VIII D
25118,0112349118,ST AYSA,P,VIII D
25119,0112349119,SYIAM AL HABZY,L,VIII D
25120,0112349120,YOGI PANCA SETIONO,L,VIII D
26001,0129847001,Abid Abyan Nandana,L,VII A
26002,0129847002,Adzkia Bilqis Azzahra Ramadhani,P,VII A
26003,0129847003,Akbar Nurdafa Pratama,L,VII A
26004,0129847004,Alfira Humaera,P,VII A
26005,0129847005,Alisa Fitri,P,VII A
26006,0129847006,Az Zahra Octavia Dwi Dzulhijjah,P,VII A
26007,0129847007,Cahaya Dwi. F,P,VII A
26008,0129847008,Dwi Anggika Salsabilla T.,P,VII A
26009,0129847009,Erbiyansa,L,VII A
26010,0129847010,Helmi Helmawati,P,VII A
26011,0129847011,Idham Ramadhan,L,VII A
26012,0129847012,Indira Prisilia,P,VII A
26013,0129847013,Irham Ramadhan,L,VII A
26014,0129847014,Irsan Fajar Ardiansyah,L,VII A
26015,0129847015,Kadek Dyan Rahayu,P,VII A
26016,0129847016,Keisyah Aurora,P,VII A
26017,0129847017,Meizila Nur Syifa,P,VII A
26018,0129847018,Muh. Enji Praditya,L,VII A
26019,0129847019,Muh.Rain Ramadhan,L,VII A
26020,0129847020,Muhammad Hafidz Al Habsy,L,VII A
26021,0129847021,Muhammad Haykal,L,VII A
26022,0129847022,Muhammad Zhidan,L,VII A
26023,0129847023,Niluh Putu Asriani,P,VII A
26024,0129847024,Niranti Ismawati Tongasa,P,VII A
26025,0129847025,Nurhayati,P,VII A
26026,0129847026,Rachmat Ganesa Erlangga,L,VII A
26027,0129847027,Rafa Ali Fatih,L,VII A
26028,0129847028,Rafiqurrahman Zahid,L,VII A
26029,0129847029,Syahla Innara Diandra Putri,P,VII A
26030,0129847030,A. Kade Raka Sidam,L,VII B
26031,0129847031,Abil Saputra,L,VII B
26032,0129847032,Aditya Saputra,L,VII B
26033,0129847033,Amanda Noviyanti,P,VII B
26034,0129847034,Aqila Anastasyah Dinda Qinanti,P,VII B
26035,0129847035,Asyivah,P,VII B
26036,0129847036,Atni Mutmaina,P,VII B
26037,0129847037,Bilal Fajri,L,VII B
26038,0129847038,Che Che Zuhayra,P,VII B
26039,0129847039,Dina Silvia,P,VII B
26040,0129847040,Farel,L,VII B
26041,0129847041,Faris Ahmad,L,VII B
26042,0129847042,Fatma Kamilatunnisa,P,VII B
26043,0129847043,Ferdhy Offiandhy Al Iqrah,L,VII B
26044,0129847044,Fiola Afida Yusuf,P,VII B
26045,0129847045,Iman,P,VII B
26046,0129847046,Jihan Muharromah,L,VII B
26047,0129847047,Karunia Agung Prastyo,P,VII B
26048,0129847048,Lisa,P,VII B
26049,0129847049,Luthfia Talita,L,VII B
26050,0129847050,Muh. Alfiqrha,L,VII B
26051,0129847051,Muh. Ramadhan,L,VII B
26052,0129847052,Muh.Azka Raqilah,L,VII B
26053,0129847053,Muh.Mudin,L,VII B
26054,0129847054,Muhammad Aslan Alhafizhi,P,VII B
26055,0129847055,Muslimatun Nisa,P,VII B
26056,0129847056,Naura Azzahra Putri Maharani,P,VII B
26057,0129847057,Putri Puspita Sari,L,VII B
26058,0129847058,Sapati Alfarizi Husin,P,VII B
26059,0129847059,Sofia Fatimatul Zahra,P,VII B
26060,0129847060,Zahra Aprilia Syahputri,P,VII B
26061,0129847061,Zalsabillah Hamzah,P,VII B
26062,0129847062,Ainun Rhohimah Saputri,P,VII C
26063,0129847063,Adelia Faranisa Aznii,P,VII C
26064,0129847064,Ahmad Faul,L,VII C
26065,0129847065,Ahmad Risky,L,VII C
26066,0129847066,Aisyah Faqiha Drikra,P,VII C
26067,0129847067,Alwi Saputra,L,VII C
26068,0129847068,Artha Reka Zatria,L,VII C
26069,0129847069,Balqis Zahsy Makailah Riski,P,VII C
26070,0129847070,Elsi Puji Sutias,P,VII C
26071,0129847071,Faniya Triwulan Maharani,P,VII C
26072,0129847072,Febian Ciko Distira,L,VII C
26073,0129847073,Khaira Zalfa Naqiyya,P,VII C
26074,0129847074,Lathifa Lailatus Sa'Adah,P,VII C
26075,0129847075,Muh Adnan Baroqah.R,L,VII C
26076,0129847076,Muh.Abhim Fatih,L,VII C
26077,0129847077,Muh.Aisar Ramadhan,L,VII C
26078,0129847078,Muh.Johansa Algnazali,L,VII C
26079,0129847079,Muhamad Nabil Aulawi,L,VII C
26080,0129847080,Muhammad Azza Iqra Safar,L,VII C
26081,0129847081,Nada Fajriya,P,VII C
26082,0129847082,Ni Putu Ayulia Ariastuti,P,VII C
26083,0129847083,Nova Ayu Lestari,P,VII C
26084,0129847084,Nur Halisa,P,VII C
26085,0129847085,Putu Gilang,L,VII C
26092,0129847092,La Ode Arif Maaruf,P,VII C
26086,0129847086,Putu Rangga Sutasoma,L,VII C
26087,0129847087,Qharan Aura Israh,L,VII C
26088,0129847088,Rahma Aizzara,P,VII C
26089,0129847089,Rifki Harman Ramadan,L,VII C
26090,0129847090,Riska Aulia,P,VII C
26091,0129847091,Suci Toyo Gunawan,P,VII C
26092,0129847092,Viona Risky Avrillia,P,VII C