nip,nama,jabatan,peran
"19820815 200801 2 011","Siti Rahmawati, S.Pd., Kons.","Guru Bimbingan Konseling (BK)","Guru BK"
"19720410 199802 2 003","Dra. Hj. Rosdiana","Guru Bimbingan Konseling (BK)","Guru BK"
"19800310 200501 1 008","Ahmad Faisal, S.Pd.","Wakasek Kesiswaan / Guru PPKn","Guru Pelapor / Kesiswaan"
"19750614 200012 1 002","Drs. Supardi","Guru Piket Harian / Guru Matematika","Guru Piket"
"19740512 199903 1 004","Drs. H. Mulyadi, M.Pd.","Kepala Sekolah","Kepala Sekolah"
"19850122 200903 2 007","Nurhasanah, S.Pd.","Guru Matematika / Wali Kelas IX-B","Guru Pelapor"
"19830718 200804 1 005","Wahyudi, S.Pd.","Guru Penjasorkes / Pembina OSIS","Guru Pelapor"
"19790211 200604 1 009","Herman, S.Pd.","Guru IPA / Guru Piket","Guru Piket"
"19810905 200701 1 012","Rustam, S.Pd.","Guru IPS / Wali Kelas IX-A","Guru Pelapor"
"19840315 200902 2 006","Marlina, S.Pd.","Guru Bahasa Indonesia / Wali Kelas VIII-A","Guru Pelapor"
"19870520 201101 1 003","Andi Kurniawan, S.Pd.","Guru Bahasa Inggris / Wali Kelas VIII-B","Guru Pelapor"
"19781109 200501 1 006","Sukirman, S.Pd.I.","Guru Pendidikan Agama Islam","Guru Pelapor"
"19890412 201402 2 004","Dewi Sartika, S.Pd.","Guru Seni Budaya / Wali Kelas VII-A","Guru Pelapor"
"19861008 201001 1 007","Muh. Ilham, S.Pd.","Guru PPKn / Wali Kelas VII-B","Guru Pelapor"
"19880224 201101 2 008","Hasnawati, S.Pd.","Guru Prakarya / Guru Piket","Guru Piket"
"19900315 201503 1 005","Budi Santoso, S.Pd.","Guru Informatika / IT Komputer","Guru Pelapor"
"-","Tim Tatib & Kedisiplinan Sekolah","Tim Ketertiban Kesiswaan","Petugas Tatib"
"-","Guru Piket Harian","Piket Harian Sekolah","Guru Piket"